Ac'fren Spur,Ac'fren_Spur,0,,3,Sriluur_system,Ques_system,Tas-La_system,,,,,,,,,,,,,,,,,,,,,,,,,,,,,,,,,,,,,,,,,,,,,,,,,,,,,,,,,,,,,,,,,,,,,,,,,,,,,,,,,,,,,,,,,,,,,,,,
Ado Spine,Ado_Spine,0,2,5,Medth_system,Indupar_system,StarForge_Nebula_system,Eiattu_system,Yankirk_system,,,,,,,,,,,,,,,,,,,,,,,,,,,,,,,,,,,,,,,,,,,,,,,,,,,,,,,,,,,,,,,,,,,,,,,,,,,,,,,,,,,,,,,,,,,,,,
Agarix Trade Route,Agarix_Trade_Route,0,,5,Pieldi_system,Dramassia_system,Umthyg_system,Dasoor_system,Javin_system,,,,,,,,,,,,,,,,,,,,,,,,,,,,,,,,,,,,,,,,,,,,,,,,,,,,,,,,,,,,,,,,,,,,,,,,,,,,,,,,,,,,,,,,,,,,,,
Agricultural Circuit,Agricultural_Circuit,0,3,11,Cal-Seti_system,Fre'ji_system,Galand_system,Worru'du_system,Salliche_system,Stassia_system,Ruan_system,Yulant_system,Zug_system,Broest_system,Xorth_system,,,,,,,,,,,,,,,,,,,,,,,,,,,,,,,,,,,,,,,,,,,,,,,,,,,,,,,,,,,,,,,,,,,,,,,,,,,,,,,,,,,,,,,,
Alderath-Kidriff Hyperlane,Alderath-Kidriff_Hyperlane,0,,9,Alderath_system,Ylix_system,Nicandra_system,Mapuzo_system,Walin'or_system,Belukat_system,Jestan_system,Corphelion_system,Kidriff_system,,,,,,,,,,,,,,,,,,,,,,,,,,,,,,,,,,,,,,,,,,,,,,,,,,,,,,,,,,,,,,,,,,,,,,,,,,,,,,,,,,,,,,,,,,
Amador-Drearia Hyperlane,Amador-Drearia_Hyperlane,0,2,4,Chalenor_system,Ord_Lithone_system,Gyrica_system,Drearia_system,,,,,,,,,,,,,,,,,,,,,,,,,,,,,,,,,,,,,,,,,,,,,,,,,,,,,,,,,,,,,,,,,,,,,,,,,,,,,,,,,,,,,,,,,,,,,,,
Annaj-Houche Run,Annaj-Houche_Run,0,,6,Annaj_system,Ovise_system,Thonner_system,Maya_Kovel_system,Vasha_system,Houche_system,,,,,,,,,,,,,,,,,,,,,,,,,,,,,,,,,,,,,,,,,,,,,,,,,,,,,,,,,,,,,,,,,,,,,,,,,,,,,,,,,,,,,,,,,,,,,
Anturi Reach,Anturi_Reach,0,2,6,Karfeddion_system,Atron_system,Port_Evokk_system,Tekurr'k_system,Yetoom_system,Dolla_system,,,,,,,,,,,,,,,,,,,,,,,,,,,,,,,,,,,,,,,,,,,,,,,,,,,,,,,,,,,,,,,,,,,,,,,,,,,,,,,,,,,,,,,,,,,,,
Aphran-Station 88 Hyperlane,Aphran-Station_88_Hyperlane,0,,5,Aphran_system,Neshtab_system,Aramal_system,Ryborea_system,Station_88_system,,,,,,,,,,,,,,,,,,,,,,,,,,,,,,,,,,,,,,,,,,,,,,,,,,,,,,,,,,,,,,,,,,,,,,,,,,,,,,,,,,,,,,,,,,,,,,
Ardan Cross,Ardan_Cross,0,5,11,Troos_system,Atorra_system,Chenowei_system,B'trilla_system,Feena_system,Kalishik_system,Arda_system,Feldwes_system,Pygorix_system,Spintir_system,Stenos_system,,,,,,,,,,,,,,,,,,,,,,,,,,,,,,,,,,,,,,,,,,,,,,,,,,,,,,,,,,,,,,,,,,,,,,,,,,,,,,,,,,,,,,,,
Arleen Loop,Arleen_Loop,0,,4,Arleen_system,Rafa_system,Dela_system,Lekua_system,,,,,,,,,,,,,,,,,,,,,,,,,,,,,,,,,,,,,,,,,,,,,,,,,,,,,,,,,,,,,,,,,,,,,,,,,,,,,,,,,,,,,,,,,,,,,,,
Authority Arc,Authority_Arc,0,,5,Kumasi_system,Urdur_system,Oslumpex_system,Matra_system,Orron_system,,,,,,,,,,,,,,,,,,,,,,,,,,,,,,,,,,,,,,,,,,,,,,,,,,,,,,,,,,,,,,,,,,,,,,,,,,,,,,,,,,,,,,,,,,,,,,
Authority Gardian Corridor,Authority_Gardian_Corridor,0,,10,Lafra_system,Dra_system,Craci_system,Drog_system,Mall'ordian_system,Ninn_system,Hiit_system,Atchorb_system,Tothis_system,Kir_system,,,,,,,,,,,,,,,,,,,,,,,,,,,,,,,,,,,,,,,,,,,,,,,,,,,,,,,,,,,,,,,,,,,,,,,,,,,,,,,,,,,,,,,,,
Axxila-Tangrene Hyperlane,Axxila-Tangrene_Hyperlane,0,2,5,Axxila_system,Vandyne_system,Camden_system,Edusa_system,Tangrene_system,,,,,,,,,,,,,,,,,,,,,,,,,,,,,,,,,,,,,,,,,,,,,,,,,,,,,,,,,,,,,,,,,,,,,,,,,,,,,,,,,,,,,,,,,,,,,,
Bakura Trace,Bakura_Trace,0,,4,Endor_system,Sanyassa_system,Ast_Kikorie_system,Bakura_system,,,,,,,,,,,,,,,,,,,,,,,,,,,,,,,,,,,,,,,,,,,,,,,,,,,,,,,,,,,,,,,,,,,,,,,,,,,,,,,,,,,,,,,,,,,,,,,
Belsavis Run,Belsavis_Run,0,,3,Tekurr'k_system,Belsavis_system,Ossel_system,,,,,,,,,,,,,,,,,,,,,,,,,,,,,,,,,,,,,,,,,,,,,,,,,,,,,,,,,,,,,,,,,,,,,,,,,,,,,,,,,,,,,,,,,,,,,,,,
Bothan Run,Bothan_Run,0,2,4,Both_system,Moonus_Mandel_system,Lannik_system,Daalang_system,,,,,,,,,,,,,,,,,,,,,,,,,,,,,,,,,,,,,,,,,,,,,,,,,,,,,,,,,,,,,,,,,,,,,,,,,,,,,,,,,,,,,,,,,,,,,,,
Braxant Run,Braxant_Run,0,2,28,Bandomeer_system,Halmad_system,G'wenee_system,Er'Kit_system,Borgo_Prime_system,Mirgoshir_system,Harrod's_Planet_system,Ketaris_system,Fedje_system,Vuchelle_system,Isiring_system,New_Bakstre_system,Cassander_system,Garqi_system,Minashee_system,Mygeeto_system,Albarrio_system,Ord_Trasi_system,Gwori_system,Fodro_system,Kwevron_system,Venestria_system,Muunilinst_system,Jaemus_system,Obtrexta_system,Sartinaynian_system,Qonto_system,Xerton_system,,,,,,,,,,,,,,,,,,,,,,,,,,,,,,,,,,,,,,,,,,,,,,,,,,,,,,,,,,,,,,,,,,,,,,,
Brosi-Ekibo Hyperlane,Unidentified Brosi–Ekibo hyperlane,0,,7,Dostra_system,Abo_Dreth_system,Ulicia_system,Perin_system,Brochiib_system,Pypin_system,Ekibo_system,,,,,,,,,,,,,,,,,,,,,,,,,,,,,,,,,,,,,,,,,,,,,,,,,,,,,,,,,,,,,,,,,,,,,,,,,,,,,,,,,,,,,,,,,,,,
Byss Run,Byss_Run,0,2,5,Empress_Teta_system,Keeara_Major_system,Prakith_system,Odik_system,Beshqek_system,,,,,,,,,,,,,,,,,,,,,,,,,,,,,,,,,,,,,,,,,,,,,,,,,,,,,,,,,,,,,,,,,,,,,,,,,,,,,,,,,,,,,,,,,,,,,,
Cadinth Run,Cadinth_Run,0,3,7,Lianna_system,Spinax_system,Cadinth_system,Embaril_system,Voss_system,Jaminere_system,Dravione_system,,,,,,,,,,,,,,,,,,,,,,,,,,,,,,,,,,,,,,,,,,,,,,,,,,,,,,,,,,,,,,,,,,,,,,,,,,,,,,,,,,,,,,,,,,,,
Cadma Conduit,Cadma_Conduit,0,2,8,Junkfort_Station_system,Dagelin_system,Oseon_system,Erilnar_system,Scillal_system,Lekua_system,Cadma_system,Zebitrope_system,,,,,,,,,,,,,,,,,,,,,,,,,,,,,,,,,,,,,,,,,,,,,,,,,,,,,,,,,,,,,,,,,,,,,,,,,,,,,,,,,,,,,,,,,,,
Calipsa Run,Calipsa_Run,0,,6,Calipsa_system,New_Javis_system,Lorenz_system,Grella_system,Nella_system,Estaph_system,,,,,,,,,,,,,,,,,,,,,,,,,,,,,,,,,,,,,,,,,,,,,,,,,,,,,,,,,,,,,,,,,,,,,,,,,,,,,,,,,,,,,,,,,,,,,
Caloria Run,Caloria_Run,0,,6,Tavitz_system,Tillo_system,Reena_system,Tanger_system,Caloria_system,Canti_system,,,,,,,,,,,,,,,,,,,,,,,,,,,,,,,,,,,,,,,,,,,,,,,,,,,,,,,,,,,,,,,,,,,,,,,,,,,,,,,,,,,,,,,,,,,,,
Carbonite Run,Carbonite_Run,0,,3,Empress_Teta_system,Primus_Goluud_system,Vulpter_system,,,,,,,,,,,,,,,,,,,,,,,,,,,,,,,,,,,,,,,,,,,,,,,,,,,,,,,,,,,,,,,,,,,,,,,,,,,,,,,,,,,,,,,,,,,,,,,,
Carvandir-Roxuli Hyperlane,Carvandir-Roxuli_Hyperlane,0,,4,Carvandir_system,Mondress_system,Horob_system,Roxuli_system,,,,,,,,,,,,,,,,,,,,,,,,,,,,,,,,,,,,,,,,,,,,,,,,,,,,,,,,,,,,,,,,,,,,,,,,,,,,,,,,,,,,,,,,,,,,,,,
Celanon Spur,Celanon_Spur,0,2,26,Dorin_system,Myomar_system,Vicondor_system,Station_88_system,Ten_Tempests_system,Nentan_system,Wuun_system,Dohu_system,Bright_Jewel_system,Korvaii_system,Alderath_system,Orocco_system,Ottega_system,Noonian_system,Cademimu_system,Paarin_Minor_system,Kebolar_system,Mirgoshir_system,Shaum_Hii_system,Shirb_system,Sprizen_system,Vinsoth_system,Axxila_system,Ord_Cestus_system,Pedd_system,Celanon_system,,,,,,,,,,,,,,,,,,,,,,,,,,,,,,,,,,,,,,,,,,,,,,,,,,,,,,,,,,,,,,,,,,,,,,,,,
Cerean Reach,Cerean_Reach,0,2,9,Cerea_system,Cheelit_system,Koba_system,Riflorii_system,Hirsi_system,Elbara_system,Quaensan_Prime_system,Lorta_system,Shuldene_system,,,,,,,,,,,,,,,,,,,,,,,,,,,,,,,,,,,,,,,,,,,,,,,,,,,,,,,,,,,,,,,,,,,,,,,,,,,,,,,,,,,,,,,,,,
Chasdemonus Route,Chasdemonus_Route,0,,2,Naporar_system,Cam'co_system,,,,,,,,,,,,,,,,,,,,,,,,,,,,,,,,,,,,,,,,,,,,,,,,,,,,,,,,,,,,,,,,,,,,,,,,,,,,,,,,,,,,,,,,,,,,,,,,,
Commenor Run,Commenor_Run,0,2,10,Brentaal_system,Tepasi_system,Korfo_system,Cirius_system,Alderaan_system,Kantel_system,Parkis_system,Kattada_system,Uquine_system,Commenor_system,,,,,,,,,,,,,,,,,,,,,,,,,,,,,,,,,,,,,,,,,,,,,,,,,,,,,,,,,,,,,,,,,,,,,,,,,,,,,,,,,,,,,,,,,
Cor Lane,Cor_Lane,0,,5,Barnaba_system,Crella_system,Cor_I_system,Cor_II_system,Cor_III_system,,,,,,,,,,,,,,,,,,,,,,,,,,,,,,,,,,,,,,,,,,,,,,,,,,,,,,,,,,,,,,,,,,,,,,,,,,,,,,,,,,,,,,,,,,,,,,
Corellian Run,Corellian_Run,0,1,47,Coruscant_system,Ixtlar_system,Wukkar_system,Kailor_system,Xorth_system,Vuma_system,Leria_Kerlsil_system,Perma_system,Lolnar_system,Rehemsa_system,Sedratis_system,Namaryne_system,Corellia_system,Tanthior_system,Truuzdann_system,Nubus_system,Tinnel_system,Loronar_system,Byblos_system,Pencael_system,Havricus_system,Iseno_system,Denon_system,Perithal_system,Spirana_system,Osarian_system,Tlactehon_system,Allanteen_system,Gamor_system,Milagro_system,Thaere_system,Churba_system,Doldur_system,Druckenwell_system,Kabray_system,Algara_system,Andosha_system,Mon_Gazza_system,Herdessa_system,Radnor_system,Christoph_system,Arkanis_system,Sirpar_system,Gorno_system,Dalchon_system,Ryloth_system,Wrea_system,,,,,,,,,,,,,,,,,,,,,,,,,,,,,,,,,,,,,,,,,,,,,,,,,,,,
Corellian Trade Spine,Corellian_Trade_Spine,0,1,60,Corellia_system,Plympto_system,New_Plympto_system,Duro_system,Chasin_system,Condular_system,Gandeal_system,Belazura_system,Bryexx_system,Enisca_system,Kelada_system,Foless_system,Bestine_system,Mechis_system,Renillis_system,Yag'Dhul_system,Harrin_system,Moorja_system,Calus_system,Epica_system,Roona_system,Borkyne_system,Kinyen_system,Pendari_system,Tar_Morden_system,Calonica_system,Bomis_Koori_system,Kriselist_system,Chibias_system,Kaal_system,Dalisor_system,Jiroch_system,Quamar_system,Cargamalis_system,Mugaar_system,Javin_system,Aztubek_system,Kumru_system,High_Chunah_system,Kirtarkin_system,Mexeluine_system,Gerrenthum_system,Indellian_system,Bendeluum_system,Zhanox_system,Ione_system,Mataou_system,Anantapar_system,Shuxl_system,Ertegas_system,Darlyn_Boda_system,Orn_Kios_system,Ozu_system,Isde_Naha_system,Togominda_system,Berrol's_Donn_system,Sil'Lume_system,Manpha_system,Katchan_system,Terminus_system,,,,,,,,,,,,,,,,,,,,,,,,,,,,,,,,,,,,,,,
Corulag-Jatir Hyperroute,Corulag-Jatir_Hyperroute,0,,2,Corulus_system,Jatir_system,,,,,,,,,,,,,,,,,,,,,,,,,,,,,,,,,,,,,,,,,,,,,,,,,,,,,,,,,,,,,,,,,,,,,,,,,,,,,,,,,,,,,,,,,,,,,,,,,
Coth Fuuras-Nessem Hyperlane,Coth_Fuuras-Nessem_Hyperlane,0,,14,Coth_Fuuras_system,Aramal_system,Doshan_system,Muzara_system,Vorian_system,Anduvia_system,Immalia_system,Chalenor_system,Yinchorri_system,Golden_Nyss_system,Shili_system,Kiros_system,Sljee_system,Nessem_system,,,,,,,,,,,,,,,,,,,,,,,,,,,,,,,,,,,,,,,,,,,,,,,,,,,,,,,,,,,,,,,,,,,,,,,,,,,,,,,,,,,,,
Coyn Route,Coyn_Route,0,,2,Coyn_system,Tantra_system,,,,,,,,,,,,,,,,,,,,,,,,,,,,,,,,,,,,,,,,,,,,,,,,,,,,,,,,,,,,,,,,,,,,,,,,,,,,,,,,,,,,,,,,,,,,,,,,,
Cranan-Excarga Route,Cranan-Excarga_Route,0,5,5,Vor_Deo_system,Gedi_system,Cranan_system,Melnea's_World_system,Excarga_system,,,,,,,,,,,,,,,,,,,,,,,,,,,,,,,,,,,,,,,,,,,,,,,,,,,,,,,,,,,,,,,,,,,,,,,,,,,,,,,,,,,,,,,,,,,,,,
Cressus Route,Cressus_Route,0,,2,Kinoss_system,Bogo_Rai_system,,,,,,,,,,,,,,,,,,,,,,,,,,,,,,,,,,,,,,,,,,,,,,,,,,,,,,,,,,,,,,,,,,,,,,,,,,,,,,,,,,,,,,,,,,,,,,,,,
Crystal Passage,Crystal_Passage,0,5,6,Tatoo_system,Geonosis_system,Cranan_system,Vactooine_system,Tarnoonga_system,Cirus_system,,,,,,,,,,,,,,,,,,,,,,,,,,,,,,,,,,,,,,,,,,,,,,,,,,,,,,,,,,,,,,,,,,,,,,,,,,,,,,,,,,,,,,,,,,,,,
Cyax-Sakifwanna Hyperlane,Cyax-Sakifwanna_Hyperlane,0,,2,Cyax_system,Sakifwanna_system,,,,,,,,,,,,,,,,,,,,,,,,,,,,,,,,,,,,,,,,,,,,,,,,,,,,,,,,,,,,,,,,,,,,,,,,,,,,,,,,,,,,,,,,,,,,,,,,,
D'Aelgoth Trade Route,D'Aelgoth_Trade_Route,0,2,7,Kassido_system,Selenius_system,Ogem_system,Cyphar_system,Feenix_system,Miztoc_system,Kriselist_system,,,,,,,,,,,,,,,,,,,,,,,,,,,,,,,,,,,,,,,,,,,,,,,,,,,,,,,,,,,,,,,,,,,,,,,,,,,,,,,,,,,,,,,,,,,,
Daranc Run,Daranc_Run,0,,2,Betha_system,Daranc_system,,,,,,,,,,,,,,,,,,,,,,,,,,,,,,,,,,,,,,,,,,,,,,,,,,,,,,,,,,,,,,,,,,,,,,,,,,,,,,,,,,,,,,,,,,,,,,,,,
Dauntless Run,Dauntless_Run,0,,3,Ota_system,Rorgam_system,Pizilis_system,,,,,,,,,,,,,,,,,,,,,,,,,,,,,,,,,,,,,,,,,,,,,,,,,,,,,,,,,,,,,,,,,,,,,,,,,,,,,,,,,,,,,,,,,,,,,,,,
Death Wind Corridor,Death_Wind_Corridor,0,,2,Ryloth_system,Roon_system,,,,,,,,,,,,,,,,,,,,,,,,,,,,,,,,,,,,,,,,,,,,,,,,,,,,,,,,,,,,,,,,,,,,,,,,,,,,,,,,,,,,,,,,,,,,,,,,,
Demigue Terror,Demigue_Terror,0,,2,Gascon_system,Demigue_system,,,,,,,,,,,,,,,,,,,,,,,,,,,,,,,,,,,,,,,,,,,,,,,,,,,,,,,,,,,,,,,,,,,,,,,,,,,,,,,,,,,,,,,,,,,,,,,,,
Descri Wris,Descri_Wris,0,5,5,Korriz_system,Loro_Babis_system,Svolten_system,Bhargebba_system,Nfolgai_system,,,,,,,,,,,,,,,,,,,,,,,,,,,,,,,,,,,,,,,,,,,,,,,,,,,,,,,,,,,,,,,,,,,,,,,,,,,,,,,,,,,,,,,,,,,,,,
Desevran Trace,Desevran_Trace,0,,6,Desev_system,Folende_system,Omman_system,Amarin_system,Corlax_system,Dravione_system,,,,,,,,,,,,,,,,,,,,,,,,,,,,,,,,,,,,,,,,,,,,,,,,,,,,,,,,,,,,,,,,,,,,,,,,,,,,,,,,,,,,,,,,,,,,,
Durkteel Loop,Durkteel_Loop,0,,5,Kashyyyk_system,Kwookrrr_system,Sneeve_system,Durkteel_system,Yitabo_system,,,,,,,,,,,,,,,,,,,,,,,,,,,,,,,,,,,,,,,,,,,,,,,,,,,,,,,,,,,,,,,,,,,,,,,,,,,,,,,,,,,,,,,,,,,,,,
Duros Space Run,Duros_Space_Run,0,2,12,Churba_system,Kalarba_system,Triffis_system,Bannistar_Station_system,Enarc_system,Alui_system,Verdanth_system,Aplooine_system,Sanrafsix_system,Heptooine_system,Jutrand_system,Knel'char_system,,,,,,,,,,,,,,,,,,,,,,,,,,,,,,,,,,,,,,,,,,,,,,,,,,,,,,,,,,,,,,,,,,,,,,,,,,,,,,,,,,,,,,,
Dustig Trace,Dustig_Trace,0,,3,Demos_system,Malastare_system,Kath_system,,,,,,,,,,,,,,,,,,,,,,,,,,,,,,,,,,,,,,,,,,,,,,,,,,,,,,,,,,,,,,,,,,,,,,,,,,,,,,,,,,,,,,,,,,,,,,,,
Elgit-M'Hanna Corridor,Elgit-M'Hanna_Corridor,0,,3,Elgit_system,Sakifwanna_system,M'Hanna_system,,,,,,,,,,,,,,,,,,,,,,,,,,,,,,,,,,,,,,,,,,,,,,,,,,,,,,,,,,,,,,,,,,,,,,,,,,,,,,,,,,,,,,,,,,,,,,,,
Elgit-Pybus Hyperlane,Elgit-Pybus_Hyperlane,0,,8,Elgit_system,Bootana_Shagplan_system,Kor_Anjiliac_system,Huloon_system,Kor_Desilijic_system,Gos_Hutta_system,Kor_Oktanivii_system,Pybus_system,,,,,,,,,,,,,,,,,,,,,,,,,,,,,,,,,,,,,,,,,,,,,,,,,,,,,,,,,,,,,,,,,,,,,,,,,,,,,,,,,,,,,,,,,,,
Elrood-Derilyn Trade Route,Elrood-Derilyn_Trade_Route,0,,8,Elrood_system,Kidron_system,Bodrin_system,Coyn_system,Korad_system,Meris_system,Torina_system,Derilyn_system,,,,,,,,,,,,,,,,,,,,,,,,,,,,,,,,,,,,,,,,,,,,,,,,,,,,,,,,,,,,,,,,,,,,,,,,,,,,,,,,,,,,,,,,,,,
Enarc Run,Enarc_Run,0,2,11,Enarc_system,Naboo_system,Alassa_Major_system,Kalinda_system,Nigel_system,Roldalna_system,Ropagi_system,Pax_system,Opiteihr_system,Vogel_system,Vondarc_system,,,,,,,,,,,,,,,,,,,,,,,,,,,,,,,,,,,,,,,,,,,,,,,,,,,,,,,,,,,,,,,,,,,,,,,,,,,,,,,,,,,,,,,,
Entralla Route,Entralla_Route,0,2,22,Bright_Jewel_system,Qiilura_system,Yout_system,Vvan_system,Ord_Tessebok_system,Gonmore_system,Obredaan_system,Lonnaw_system,Orinda_system,Wistril_system,Fath_system,Domgrin_system,Ywllandr_system,Borosk_system,Prefsbelt_system,Ompersan_system,Yaga_system,Capza_system,Entralla_system,Endoraan_system,Bisellia_system,Muunilinst_system,,,,,,,,,,,,,,,,,,,,,,,,,,,,,,,,,,,,,,,,,,,,,,,,,,,,,,,,,,,,,,,,,,,,,,,,,,,,,
Etti Route Major,Etti_Route_Major,0,,5,Etti_system,Drog_system,Davirien_system,Kail_system,Tiss'sharl_system,,,,,,,,,,,,,,,,,,,,,,,,,,,,,,,,,,,,,,,,,,,,,,,,,,,,,,,,,,,,,,,,,,,,,,,,,,,,,,,,,,,,,,,,,,,,,,
Falko Run,Falko_Run,0,,9,Oseon_system,Arleen_system,Ringneldia_system,Dilonexa_system,Ua_system,Falko_system,Antipose_system,Paulking_system,Douglas_system,,,,,,,,,,,,,,,,,,,,,,,,,,,,,,,,,,,,,,,,,,,,,,,,,,,,,,,,,,,,,,,,,,,,,,,,,,,,,,,,,,,,,,,,,,
Feena Run,Feena_Run,0,,5,Feena_system,Barison_system,Usta_system,The_Cometwash_system,Korphir_system,,,,,,,,,,,,,,,,,,,,,,,,,,,,,,,,,,,,,,,,,,,,,,,,,,,,,,,,,,,,,,,,,,,,,,,,,,,,,,,,,,,,,,,,,,,,,,
Five Veils Route,Five_Veils_Route,0,2,9,Farstine_system,Ninzam_system,Trigalis_system,Stend_system,Lybeya_system,Bajic_system,Vohai_system,Elshandruu_system,Skynara_system,,,,,,,,,,,,,,,,,,,,,,,,,,,,,,,,,,,,,,,,,,,,,,,,,,,,,,,,,,,,,,,,,,,,,,,,,,,,,,,,,,,,,,,,,,
Five Veils Tour Route,Five_Veils_Tour_Route,0,2,3,Elshandruu_system,Suarbi_system,Svivren_system,,,,,,,,,,,,,,,,,,,,,,,,,,,,,,,,,,,,,,,,,,,,,,,,,,,,,,,,,,,,,,,,,,,,,,,,,,,,,,,,,,,,,,,,,,,,,,,,
Gallinore Reach,Gallinore_Reach,0,,5,Gallinore_system,Relephon_system,Cheruba_system,Charubah_system,Vergill_system,,,,,,,,,,,,,,,,,,,,,,,,,,,,,,,,,,,,,,,,,,,,,,,,,,,,,,,,,,,,,,,,,,,,,,,,,,,,,,,,,,,,,,,,,,,,,,
Galtea Run,Galtea_Run,0,,2,Galtea_system,Timbra_Ott_system,,,,,,,,,,,,,,,,,,,,,,,,,,,,,,,,,,,,,,,,,,,,,,,,,,,,,,,,,,,,,,,,,,,,,,,,,,,,,,,,,,,,,,,,,,,,,,,,,
Gamor Run,Gamor_Run,0,2,14,Gamor_system,Merren_system,Flarestar_system,Charra_system,Aikhibba_system,Hoylin_system,Beris_system,Deneba_system,Chokan_system,Shador_system,Thokosia_system,Daalang_system,Circumtore_system,Rorak_system,,,,,,,,,,,,,,,,,,,,,,,,,,,,,,,,,,,,,,,,,,,,,,,,,,,,,,,,,,,,,,,,,,,,,,,,,,,,,,,,,,,,,
Gevarno Loop,Gevarno_Loop,1,,7,Al'Har_system,Killisu_system,Jutrand_system,Loposi_system,Opari_system,Ventran_system,Ch'manss_system,,,,,,,,,,,,,,,,,,,,,,,,,,,,,,,,,,,,,,,,,,,,,,,,,,,,,,,,,,,,,,,,,,,,,,,,,,,,,,,,,,,,,,,,,,,,
Giblim Route,Giblim_Route,0,5,3,Caluula_system,Dellalt_system,Minntooine_system,,,,,,,,,,,,,,,,,,,,,,,,,,,,,,,,,,,,,,,,,,,,,,,,,,,,,,,,,,,,,,,,,,,,,,,,,,,,,,,,,,,,,,,,,,,,,,,,
Giju Run,Giju_Run,,0,2,7,Tallaan_system,Giju_system,Omar_system,Illodia_system,Dahrtag_system,Hjaff_system,Atrisi_system,,,,,,,,,,,,,,,,,,,,,,,,,,,,,,,,,,,,,,,,,,,,,,,,,,,,,,,,,,,,,,,,,,,,,,,,,,,,,,,,,,,,,,,,,,,
Gos Hutta-Kor Hestilic Hyperlane,Gos_Hutta-Kor_Hestilic_Hyperlane,0,,6,Gos_Hutta_system,Kor_Usilic_system,Kor_Hunamma_system,Kor_Utoradii_system,Nar_Chunna_system,Kor_Hestilic_system,,,,,,,,,,,,,,,,,,,,,,,,,,,,,,,,,,,,,,,,,,,,,,,,,,,,,,,,,,,,,,,,,,,,,,,,,,,,,,,,,,,,,,,,,,,,,
Great Gran Run,Great_Gran_Run,0,2,10,Kinyen_system,New_Balosar_system,Noe'ha'on_system,Natalon_system,Har_system,Halm_system,Petabys_system,Tashtor_Seneca_system,Chalcedon_system,Cerea_system,,,,,,,,,,,,,,,,,,,,,,,,,,,,,,,,,,,,,,,,,,,,,,,,,,,,,,,,,,,,,,,,,,,,,,,,,,,,,,,,,,,,,,,,,
Great Kashyyyk Branch,Great_Kashyyyk_Branch,0,2,8,Zel_system,Virujansi_system,Umbara_system,Quas_Killam_system,Torn_system,Kashyyyk_system,Balamak_system,Charros_system,,,,,,,,,,,,,,,,,,,,,,,,,,,,,,,,,,,,,,,,,,,,,,,,,,,,,,,,,,,,,,,,,,,,,,,,,,,,,,,,,,,,,,,,,,,
Great Rim Route,Great_Rim_Route,0,,13,Rynmar_system,Zalori_system,Terephon_system,Reboam_system,Dreena_system,Calfa_system,K'Farri_system,Nantuker_system,Stalsinek_system,Jodaka_system,Divora_system,Wodan_system,Relephon_system,,,,,,,,,,,,,,,,,,,,,,,,,,,,,,,,,,,,,,,,,,,,,,,,,,,,,,,,,,,,,,,,,,,,,,,,,,,,,,,,,,,,,,
Greater Cronese Arc,Greater_Cronese_Arc,0,,10,Arcan_system,Janilis_system,Chandaar_system,Oor_system,Barancar_system,Soruus_system,Pasmin_system,Arramanx_system,Duinarbulon_system,Derellium_system,,,,,,,,,,,,,,,,,,,,,,,,,,,,,,,,,,,,,,,,,,,,,,,,,,,,,,,,,,,,,,,,,,,,,,,,,,,,,,,,,,,,,,,,,
Hapan Spine,Hapan_Spine,0,,3,Taanab_system,Roqoo_Depot_system,Terephon_system,,,,,,,,,,,,,,,,,,,,,,,,,,,,,,,,,,,,,,,,,,,,,,,,,,,,,,,,,,,,,,,,,,,,,,,,,,,,,,,,,,,,,,,,,,,,,,,,
Harrin Trade Corridor,Harrin_Trade_Corridor,0,2,15,Harrin_system,Wroona_system,Droecil_system,Lohopa_system,Jurzan_system,Arrgaw_system,Lazerian_system,Cerenia_system,Brevost_system,Momansi_system,Krann_system,Coonee_system,Sika_system,Milagro_system,Merren_system,,,,,,,,,,,,,,,,,,,,,,,,,,,,,,,,,,,,,,,,,,,,,,,,,,,,,,,,,,,,,,,,,,,,,,,,,,,,,,,,,,,,
Hidakai Pool,Hidakai_Pool,0,,3,Daupherm_system,Botor_system,Abregado_system,,,,,,,,,,,,,,,,,,,,,,,,,,,,,,,,,,,,,,,,,,,,,,,,,,,,,,,,,,,,,,,,,,,,,,,,,,,,,,,,,,,,,,,,,,,,,,,,
Hollastin Run,Hollastin_Run,0,2,7,Circumtore_system,Affavan_system,Hollastin_system,Aylayl_system,Tsyk_system,Unagin_system,Syvris_system,,,,,,,,,,,,,,,,,,,,,,,,,,,,,,,,,,,,,,,,,,,,,,,,,,,,,,,,,,,,,,,,,,,,,,,,,,,,,,,,,,,,,,,,,,,,
Hyabb-Twith Corridor,Hyabb-Twith_Corridor,0,3,3,Hyabb_system,Voon_system,Twith_system,,,,,,,,,,,,,,,,,,,,,,,,,,,,,,,,,,,,,,,,,,,,,,,,,,,,,,,,,,,,,,,,,,,,,,,,,,,,,,,,,,,,,,,,,,,,,,,,
Hydian Way,Hydian_Way,0,1,98,Bonadan_system,D'ian_system,Lythos_system,Mall'ordian_system,Reltooine_system,Cadomai_system,Ruuria_system,Listehol_system,Tantive_system,Doniphon_system,Telos_system,Praadost_system,Pho_Ph'eah_system,Serenno_system,Toprawa_system,Simpla_system,Hynah_system,Sorrus_system,Feriae_system,Tierell_system,Celanon_system,Hijado_system,Botajef_system,Harloen_system,Bandomeer_system,Skorrupon_system,Corsin_system,Leafar_system,Chennis_system,Adin_system,Draria_system,Viga_system,Kidriff_system,Nessem_system,Bogden_system,Paqualis_system,Per_Lupelo_system,Drearia_system,Chagri_system,Eeropha_system,Uviuy_Exen_system,Wakeelmui_system,Brentaal_system,Skako_system,Aldraig_system,Demophon_system,Glithnos_system,Fedalle_system,Trantor_system,Talravin_system,Sarapin_system,Trellen_system,Mawan_system,Loretto_system,Baraboo_system,Bellassa_system,Jaciprus_system,Voktunma_system,Exodeen_system,Boudolayz_system,Herzob_system,Besnia_system,Koensayr_system,Aquilae_system,Denon_system,Sagar_system,Ronyards_system,Chardaan_system,Babbadod_system,Nordra_system,Shibric_system,Baroli_system,Gacerian_system,Ragith_system,Majoor_system,Ramordia_system,Arrgaw_system,Pax_system,ZeHeth_system,Malastare_system,Chryya_system,Aquilaris_Minor_system,Kamasto_system,Ventruun_system,Oranessan_system,Knel'char_system,Tanta_Aurek_system,Cmaoli_Di_system,Eriadu_system,Averam_system,Shumavar_system,Atravis_system,Tosste_system,Rutan_system,Fwatna_system,Terminus_system,Duhma_system,Imynusoph_system,XXXXX
Ilosian Spur,Ilosian_Spur,0,3,6,Saari_Ha_system,Xoman_system,Boz_Pity_system,Alee_system,Tal_Nami_system,Ilos_Minor_system,,,,,,,,,,,,,,,,,,,,,,,,,,,,,,,,,,,,,,,,,,,,,,,,,,,,,,,,,,,,,,,,,,,,,,,,,,,,,,,,,,,,,,,,,,,,,
Ilum-Metellos Hyperlane,Unidentified_Metellos–Ilum_hyperlane,0,,2,Metellos_system,Ilum_system,,,,,,,,,,,,,,,,,,,,,,,,,,,,,,,,,,,,,,,,,,,,,,,,,,,,,,,,,,,,,,,,,,,,,,,,,,,,,,,,,,,,,,,,,,,,,,,,,
Indrexu Route,Indrexu_Route,0,,5,Dravione_system,Argai_system,Corlass_system,Panna_system,Derellium_system,,,,,,,,,,,,,,,,,,,,,,,,,,,,,,,,,,,,,,,,,,,,,,,,,,,,,,,,,,,,,,,,,,,,,,,,,,,,,,,,,,,,,,,,,,,,,,
Intra-Sector Spur,Intra-Sector_Spur,0,,6,Reltooine_system,Knolstee_system,Kail_system,Craci_system,Jerrist_system,Biewa_system,,,,,,,,,,,,,,,,,,,,,,,,,,,,,,,,,,,,,,,,,,,,,,,,,,,,,,,,,,,,,,,,,,,,,,,,,,,,,,,,,,,,,,,,,,,,,
Ione-Isis Hyperroute,Ione-Isis_Hyperroute,0,,2,Ione_system,Isis_system,,,,,,,,,,,,,,,,,,,,,,,,,,,,,,,,,,,,,,,,,,,,,,,,,,,,,,,,,,,,,,,,,,,,,,,,,,,,,,,,,,,,,,,,,,,,,,,,,
Iridonia-Orocco Hyperlane,Iridonia-Orocco_Hyperlane,0,,9,Iridonia_system,Traval-Pacor_system,Corthenia_system,Vvan_system,Osskorn_system,Kwannot_system,Urce_system,Fitca_system,Orocco_system,,,,,,,,,,,,,,,,,,,,,,,,,,,,,,,,,,,,,,,,,,,,,,,,,,,,,,,,,,,,,,,,,,,,,,,,,,,,,,,,,,,,,,,,,,
Ison Corridor,Ison_Corridor,0,5,7,Indellian_system,Varonat_system,Bespin_system,Anoat_system,Hoth_system,Ison_system,Mataou_system,,,,,,,,,,,,,,,,,,,,,,,,,,,,,,,,,,,,,,,,,,,,,,,,,,,,,,,,,,,,,,,,,,,,,,,,,,,,,,,,,,,,,,,,,,,,
Itani Run,Itani_Run,0,,4,Chardaan_system,Kalandis_system,Itani_system,Fremond_system,,,,,,,,,,,,,,,,,,,,,,,,,,,,,,,,,,,,,,,,,,,,,,,,,,,,,,,,,,,,,,,,,,,,,,,,,,,,,,,,,,,,,,,,,,,,,,,
Junction-Tierell Loop,Junction-Tierell_Loop,0,5,16,Feriae_system,Tertiary_Feswe_system,Selitan_system,Pinoora_system,Torque_system,Jovan_system,Vallusk_Cluster_system,Arkuda_system,Gulvitch_system,Bronsoon_system,Povanaria_system,Durgen's_Star_system,Trinovat_system,Near_Indosa_system,Presbalin_system,Tierell_system,,,,,,,,,,,,,,,,,,,,,,,,,,,,,,,,,,,,,,,,,,,,,,,,,,,,,,,,,,,,,,,,,,,,,,,,,,,,,,,,,,,
Kaaga Run,Kaaga_Run,0,,6,Circumtore_system,Carnovia_system,Nar_Kaaga_system,Dohlban_system,Void_Station_system,Both_system,,,,,,,,,,,,,,,,,,,,,,,,,,,,,,,,,,,,,,,,,,,,,,,,,,,,,,,,,,,,,,,,,,,,,,,,,,,,,,,,,,,,,,,,,,,,,
Kamat Aegit,Kamat_Aegit,0,5,5,Begeren_system,Kalsunor_system,Ashas_Ree_system,Jaguada_system,Khar_Delba_system,,,,,,,,,,,,,,,,,,,,,,,,,,,,,,,,,,,,,,,,,,,,,,,,,,,,,,,,,,,,,,,,,,,,,,,,,,,,,,,,,,,,,,,,,,,,,,
Kamat Krote,Kamat_Krote,0,5,4,Horuset_system,Bosthirda_system,Dromund_system,Jaguada_system,,,,,,,,,,,,,,,,,,,,,,,,,,,,,,,,,,,,,,,,,,,,,,,,,,,,,,,,,,,,,,,,,,,,,,,,,,,,,,,,,,,,,,,,,,,,,,,
Kassido Bypass,Kassido_Bypass,0,,6,Kassido_system,Yhifar_system,Kardura_system,Dioll_system,Thermon_system,Malador_system,,,,,,,,,,,,,,,,,,,,,,,,,,,,,,,,,,,,,,,,,,,,,,,,,,,,,,,,,,,,,,,,,,,,,,,,,,,,,,,,,,,,,,,,,,,,,
Kessel Run,Kessel_Run,0,,3,Formos_system,Rion_system,Kessel_system,,,,,,,,,,,,,,,,,,,,,,,,,,,,,,,,,,,,,,,,,,,,,,,,,,,,,,,,,,,,,,,,,,,,,,,,,,,,,,,,,,,,,,,,,,,,,,,,
Kessel Trade Corridor,Kessel_Trade_Corridor,0,,2,Kessel_system,Zerm_system,,,,,,,,,,,,,,,,,,,,,,,,,,,,,,,,,,,,,,,,,,,,,,,,,,,,,,,,,,,,,,,,,,,,,,,,,,,,,,,,,,,,,,,,,,,,,,,,,
Kira Run,Kira_Run,0,,3,Lazerian_system,Kira_system,Ropagi_system,,,,,,,,,,,,,,,,,,,,,,,,,,,,,,,,,,,,,,,,,,,,,,,,,,,,,,,,,,,,,,,,,,,,,,,,,,,,,,,,,,,,,,,,,,,,,,,,
Kismaano Bypass,Kismaano_Bypass,0,,4,Cadinth_system,Kismaano_system,Gadon_system,Arramanx_system,,,,,,,,,,,,,,,,,,,,,,,,,,,,,,,,,,,,,,,,,,,,,,,,,,,,,,,,,,,,,,,,,,,,,,,,,,,,,,,,,,,,,,,,,,,,,,,
Koda Spur,Koda_Spur,0,2,3,Lutrillia_system,Ryoone_system,Koda_system,,,,,,,,,,,,,,,,,,,,,,,,,,,,,,,,,,,,,,,,,,,,,,,,,,,,,,,,,,,,,,,,,,,,,,,,,,,,,,,,,,,,,,,,,,,,,,,,
Koros Trunk Line,Koros_Trunk_Line,0,2,7,Coruscant_system,Foerost_system,Kaikielius_system,Ruan_system,Jerrilek_system,Kuar_system,Empress_Teta_system,,,,,,,,,,,,,,,,,,,,,,,,,,,,,,,,,,,,,,,,,,,,,,,,,,,,,,,,,,,,,,,,,,,,,,,,,,,,,,,,,,,,,,,,,,,,
Korphir Trace,Korphir_Trace,0,5,2,Korphir_system,Arkuda_system,,,,,,,,,,,,,,,,,,,,,,,,,,,,,,,,,,,,,,,,,,,,,,,,,,,,,,,,,,,,,,,,,,,,,,,,,,,,,,,,,,,,,,,,,,,,,,,,,
Korphir-Tenara Hyperlane,Korphir-Tenara_Hyperlane,0,,2,Korphir_system,Tenara_system,,,,,,,,,,,,,,,,,,,,,,,,,,,,,,,,,,,,,,,,,,,,,,,,,,,,,,,,,,,,,,,,,,,,,,,,,,,,,,,,,,,,,,,,,,,,,,,,,
Lannik-Mon Gazza Route,Lannik-Mon_Gazza_Route,0,2,8,Lannik_system,Dressel_system,Bresnia_system,Nexus_Ortai_system,Leritor_system,Thape_system,Ando_system,Mon_Gazza_system,,,,,,,,,,,,,,,,,,,,,,,,,,,,,,,,,,,,,,,,,,,,,,,,,,,,,,,,,,,,,,,,,,,,,,,,,,,,,,,,,,,,,,,,,,,
Leozi Route,Leozi_Route,0,,5,Javis_system,Tanya_system,Tanzis_system,Pozzi_system,Tanda_system,,,,,,,,,,,,,,,,,,,,,,,,,,,,,,,,,,,,,,,,,,,,,,,,,,,,,,,,,,,,,,,,,,,,,,,,,,,,,,,,,,,,,,,,,,,,,,
Leritor Bypass,Leritor_Bypass,0,2,2,Leritor_system,Manda_system,,,,,,,,,,,,,,,,,,,,,,,,,,,,,,,,,,,,,,,,,,,,,,,,,,,,,,,,,,,,,,,,,,,,,,,,,,,,,,,,,,,,,,,,,,,,,,,,,
Lesser Cronese Arc,Lesser_Cronese_Arc,0,,5,Derellium_system,Eibon_system,Algor_system,Saheelindeel_system,Caluula_system,,,,,,,,,,,,,,,,,,,,,,,,,,,,,,,,,,,,,,,,,,,,,,,,,,,,,,,,,,,,,,,,,,,,,,,,,,,,,,,,,,,,,,,,,,,,,,
Lesser Lantillian Route,Lesser_Lantillian_Route,0,2,16,Zel_system,Merson_system,Aweris_system,Ambria_system,Japrael_system,Porus_Vida_system,Vena_system,Nazzri_system,Avenelle_system,Uyter_system,Thanos_system,Charros_system,Saari_Ha_system,Peg_Shar_system,Dernatine_system,Junkfort_Station_system,,,,,,,,,,,,,,,,,,,,,,,,,,,,,,,,,,,,,,,,,,,,,,,,,,,,,,,,,,,,,,,,,,,,,,,,,,,,,,,,,,,
Lipsec Run,Lipsec_Run,0,2,11,Lipsec_system,Virgillia_system,Sump_system,Keskin_system,Abridon_system,Isde_Naha_system,Bettel_system,Mev_system,Kelrodo-Ai_system,Dorvalla_system,Eriadu_system,,,,,,,,,,,,,,,,,,,,,,,,,,,,,,,,,,,,,,,,,,,,,,,,,,,,,,,,,,,,,,,,,,,,,,,,,,,,,,,,,,,,,,,,
Listehol Run,Listehol_Run,0,2,5,Listehol_system,Mirial_system,Sikurd_system,Gigor_system,Zygerria_system,,,,,,,,,,,,,,,,,,,,,,,,,,,,,,,,,,,,,,,,,,,,,,,,,,,,,,,,,,,,,,,,,,,,,,,,,,,,,,,,,,,,,,,,,,,,,,
Llanic Spice Run,Llanic_Spice_Run,0,2,10,Mon_Gazza_system,Llanic_system,Magravia_system,Socorro_system,Bahalian_system,Andasala_system,Reuss_system,Jermac_system,Midani_system,Spice_Terminus_system,,,,,,,,,,,,,,,,,,,,,,,,,,,,,,,,,,,,,,,,,,,,,,,,,,,,,,,,,,,,,,,,,,,,,,,,,,,,,,,,,,,,,,,,,
Lorell Route,Lorell_Route,0,,9,Zel_system,Lorell_system,Andalia_system,Sennex_system,Daruvvia_system,Ket_system,Lovola_system,Maires_system,Vergill_system,,,,,,,,,,,,,,,,,,,,,,,,,,,,,,,,,,,,,,,,,,,,,,,,,,,,,,,,,,,,,,,,,,,,,,,,,,,,,,,,,,,,,,,,,,
Lo-Uran-Lythos Hyperlane,Lo-Uran-Lythos_Hyperlane,0,,4,Neelgaimon_system,Lo'Uran_system,Ninn_system,Lythos_system,,,,,,,,,,,,,,,,,,,,,,,,,,,,,,,,,,,,,,,,,,,,,,,,,,,,,,,,,,,,,,,,,,,,,,,,,,,,,,,,,,,,,,,,,,,,,,,
Lucaya Cross,Lucaya_Cross,0,,3,Media_system,Lucaya_system,Saffalore_system,,,,,,,,,,,,,,,,,,,,,,,,,,,,,,,,,,,,,,,,,,,,,,,,,,,,,,,,,,,,,,,,,,,,,,,,,,,,,,,,,,,,,,,,,,,,,,,,
Lutrillia-Darlyn Boda,Lutrillia-Darlyn_Boda,0,,2,Lutrillia_system,Darlyn_Boda_system,,,,,,,,,,,,,,,,,,,,,,,,,,,,,,,,,,,,,,,,,,,,,,,,,,,,,,,,,,,,,,,,,,,,,,,,,,,,,,,,,,,,,,,,,,,,,,,,,
Lutrillian Cross,Lutrillian_Cross,0,,3,Lutrillia_system,Mijos_system,Gerrenthum_system,,,,,,,,,,,,,,,,,,,,,,,,,,,,,,,,,,,,,,,,,,,,,,,,,,,,,,,,,,,,,,,,,,,,,,,,,,,,,,,,,,,,,,,,,,,,,,,,
Manda Merchant Route,Manda_Merchant_Route,0,2,12,Both_system,Kothlis_system,Thoran_system,Zygia_system,Holess_system,Boranda_system,Manda_system,Dennaskar_system,Hishyim_system,Rishi_system,Ukio_system,Molavar_system,,,,,,,,,,,,,,,,,,,,,,,,,,,,,,,,,,,,,,,,,,,,,,,,,,,,,,,,,,,,,,,,,,,,,,,,,,,,,,,,,,,,,,,
Mandalorian Road,Mandalorian_Road,0,,9,Corsin_system,Ploo_system,Atreyis_system,Jebble_system,Taris_system,Vanquo_system,Flashpoint_system,Ordo_system,Mandalore_system,,,,,,,,,,,,,,,,,,,,,,,,,,,,,,,,,,,,,,,,,,,,,,,,,,,,,,,,,,,,,,,,,,,,,,,,,,,,,,,,,,,,,,,,,,
Manda-Roon Merchant Route,Manda-Roon_Merchant_Route,0,,2,Manda_system,Roon_system,,,,,,,,,,,,,,,,,,,,,,,,,,,,,,,,,,,,,,,,,,,,,,,,,,,,,,,,,,,,,,,,,,,,,,,,,,,,,,,,,,,,,,,,,,,,,,,,,
Metellos Trade Route,Metellos_Trade_Route,0,2,7,Coruscant_system,Metellos_system,Norkronia_system,Alland_system,Cal-Seti_system,Utos_system,Orooturoo_system,,,,,,,,,,,,,,,,,,,,,,,,,,,,,,,,,,,,,,,,,,,,,,,,,,,,,,,,,,,,,,,,,,,,,,,,,,,,,,,,,,,,,,,,,,,,
Mev-Nothoiin Hyperlane,Mev-Nothoiin_Hyperlane,0,5,6,Mev_system,Tinoon_system,Delphon_system,Polmanar_system,Zephry_system,Nothoiin_system,,,,,,,,,,,,,,,,,,,,,,,,,,,,,,,,,,,,,,,,,,,,,,,,,,,,,,,,,,,,,,,,,,,,,,,,,,,,,,,,,,,,,,,,,,,,,
Minntooine Cross,Minntooine_Cross,0,,3,Eridicon_system,Minntooine_system,Poseidenna_system,,,,,,,,,,,,,,,,,,,,,,,,,,,,,,,,,,,,,,,,,,,,,,,,,,,,,,,,,,,,,,,,,,,,,,,,,,,,,,,,,,,,,,,,,,,,,,,,
Minntooine Spur,Minntooine_Spur,0,,2,Calamari_system,Minntooine_system,,,,,,,,,,,,,,,,,,,,,,,,,,,,,,,,,,,,,,,,,,,,,,,,,,,,,,,,,,,,,,,,,,,,,,,,,,,,,,,,,,,,,,,,,,,,,,,,,
Moddell Reach,Moddell_Reach,0,,2,Cerea_system,Annaj_system,,,,,,,,,,,,,,,,,,,,,,,,,,,,,,,,,,,,,,,,,,,,,,,,,,,,,,,,,,,,,,,,,,,,,,,,,,,,,,,,,,,,,,,,,,,,,,,,,
Moro-Valrar Hyperlane,Moro-Valrar_Hyperlane,0,,5,Moro_system,Crintlia_system,Glee_Anselm_system,Londor_system,Valrar_system,,,,,,,,,,,,,,,,,,,,,,,,,,,,,,,,,,,,,,,,,,,,,,,,,,,,,,,,,,,,,,,,,,,,,,,,,,,,,,,,,,,,,,,,,,,,,,
Murgo Choke,Murgo_Choke,0,,3,Rago_system,Murgo_system,Tenupe_system,,,,,,,,,,,,,,,,,,,,,,,,,,,,,,,,,,,,,,,,,,,,,,,,,,,,,,,,,,,,,,,,,,,,,,,,,,,,,,,,,,,,,,,,,,,,,,,,
Muzara-Luuq Hyperlane,Muzara-Luuq_Hyperlane,0,,5,Muzara_system,Drannik_system,Barenth_system,Gultanna_system,Luuq_system,,,,,,,,,,,,,,,,,,,,,,,,,,,,,,,,,,,,,,,,,,,,,,,,,,,,,,,,,,,,,,,,,,,,,,,,,,,,,,,,,,,,,,,,,,,,,,
Myto's Arrow,Myto's_Arrow,0,,6,Dantooine_system,Angor_system,Gabredor_system,Jaemus_system,Vavrona_system,Dolis_system,,,,,,,,,,,,,,,,,,,,,,,,,,,,,,,,,,,,,,,,,,,,,,,,,,,,,,,,,,,,,,,,,,,,,,,,,,,,,,,,,,,,,,,,,,,,,
Nache Bhelfia,Nache_Bhelfia,0,5,8,Horuset_system,Nicht_Ka_system,Ziost_system,Ch'hodos_system,Krayiss_system,Khar_Delba_system,Rhelg_system,Horuset_system,,,,,,,,,,,,,,,,,,,,,,,,,,,,,,,,,,,,,,,,,,,,,,,,,,,,,,,,,,,,,,,,,,,,,,,,,,,,,,,,,,,,,,,,,,,
Najiba Loop,Najiba_Loop,0,5,3,Trulalis_system,Faj_system,Vasch_system,,,,,,,,,,,,,,,,,,,,,,,,,,,,,,,,,,,,,,,,,,,,,,,,,,,,,,,,,,,,,,,,,,,,,,,,,,,,,,,,,,,,,,,,,,,,,,,,
Namadii Corridor,Namadii_Corridor,0,2,25,Coruscant_system,Tanjay_system,Weerden_system,Galvoni_system,Twith_system,Panto_system,Pyria_system,Mirit_system,Palanhi_system,O'Pahz_system,Voltare_system,Meastrinnar_system,Aphran_system,Bengat_system,Bilbringi_system,Rondai_system,Dorin_system,Carvandir_system,Vaced_system,Glee_Anselm_system,Belshar_Othacuu_system,Ord_Varee_system,Kalaan_system,Ansion_system,Namadii_system,,,,,,,,,,,,,,,,,,,,,,,,,,,,,,,,,,,,,,,,,,,,,,,,,,,,,,,,,,,,,,,,,,,,,,,,,,
Nanth'ri Route,Nanth'ri_Route,0,2,9,Exodeen_system,Quellor_system,Prindaar_system,Gyndine_system,Fabrin_system,Circarpous_system,Zaloriis_system,Attahox_system,Nanth'ri_system,,,,,,,,,,,,,,,,,,,,,,,,,,,,,,,,,,,,,,,,,,,,,,,,,,,,,,,,,,,,,,,,,,,,,,,,,,,,,,,,,,,,,,,,,,
Nentan-Bars Barka Hyperlane,Nentan-Bars_Barka_Hyperlane,0,,7,Nentan_system,Ipellrilla_system,Fornax_system,Valrar_system,Iridonia_system,Varvva_system,Bars_Barka_system,,,,,,,,,,,,,,,,,,,,,,,,,,,,,,,,,,,,,,,,,,,,,,,,,,,,,,,,,,,,,,,,,,,,,,,,,,,,,,,,,,,,,,,,,,,,
Nigut Road,Nigut_Road,0,,5,Kashyyyk_system,Tholatin_system,Mytaranor_system,Pizilis_system,Terr'skiar_system,,,,,,,,,,,,,,,,,,,,,,,,,,,,,,,,,,,,,,,,,,,,,,,,,,,,,,,,,,,,,,,,,,,,,,,,,,,,,,,,,,,,,,,,,,,,,,
Nimat Corridor,Nimat_Corridor,0,,2,Nimat_system,Annoo_system,,,,,,,,,,,,,,,,,,,,,,,,,,,,,,,,,,,,,,,,,,,,,,,,,,,,,,,,,,,,,,,,,,,,,,,,,,,,,,,,,,,,,,,,,,,,,,,,,
Nothoiin Corridor,Nothoiin_Corridor,0,2,7,Gerrenthum_system,Council_system,Nothoiin_system,Saila_Na_system,Bavva_system,Dolla_system,Eriadu_system,,,,,,,,,,,,,,,,,,,,,,,,,,,,,,,,,,,,,,,,,,,,,,,,,,,,,,,,,,,,,,,,,,,,,,,,,,,,,,,,,,,,,,,,,,,,
Oktos Route,Oktos_Route,0,,4,Y'Toub_system,Kleeva_system,Toydaria_system,Tol_Amn_system,,,,,,,,,,,,,,,,,,,,,,,,,,,,,,,,,,,,,,,,,,,,,,,,,,,,,,,,,,,,,,,,,,,,,,,,,,,,,,,,,,,,,,,,,,,,,,,
Old Corellian Run,Old_Corellian_Run,0,5,11,Mon_Gazza_system,Milarian_system,Pii_system,Austan_system,Utaruun_system,Tatoo_system,Obana_system,Vor_Deo_system,Khubeaie_system,Shimia_system,Ryloth_system,,,,,,,,,,,,,,,,,,,,,,,,,,,,,,,,,,,,,,,,,,,,,,,,,,,,,,,,,,,,,,,,,,,,,,,,,,,,,,,,,,,,,,,,
Ootmian Pabol,Ootmian_Pabol,0,2,19,Gyndine_system,Reytha_system,Chanosant_system,Trammen_system,Belasco_system,Zirulast_system,New_Apsolon_system,Terr'skiar_system,Coachelle_system,Ota_system,Randon_system,Blimph_system,Ubrikkia_system,Kwenn_system,Keldooine_system,Nar_Bo_Sholla_system,Irith_system,Du_Hutta_system,Y'Toub_system,,,,,,,,,,,,,,,,,,,,,,,,,,,,,,,,,,,,,,,,,,,,,,,,,,,,,,,,,,,,,,,,,,,,,,,,,,,,,,,,
Overic Griplink,Overic_Griplink,0,2,11,Quermia_system,Kaelta_system,Florn_system,Ton-Falk_system,Pakuuni_system,Shaylin_system,Turkana_system,Codru_system,Reginard_system,Ruisto_system,Calamari_system,,,,,,,,,,,,,,,,,,,,,,,,,,,,,,,,,,,,,,,,,,,,,,,,,,,,,,,,,,,,,,,,,,,,,,,,,,,,,,,,,,,,,,,,
Ovise Reach,Ovise_Reach,0,,4,Ovise_system,Trindello_system,Zorbia_system,Endor_system,,,,,,,,,,,,,,,,,,,,,,,,,,,,,,,,,,,,,,,,,,,,,,,,,,,,,,,,,,,,,,,,,,,,,,,,,,,,,,,,,,,,,,,,,,,,,,,
Pabol Hutta,Pabol_Hutta,0,2,6,Y'Toub_system,Hosko_system,Ardos_system,Gos_Hutta_system,Mulatan_system,Sleheyron_system,,,,,,,,,,,,,,,,,,,,,,,,,,,,,,,,,,,,,,,,,,,,,,,,,,,,,,,,,,,,,,,,,,,,,,,,,,,,,,,,,,,,,,,,,,,,,
Pabol Kreeta,Pabol_Kreeta,0,3,2,Nar_Kreeta_system,Nar_Bo_Sholla_system,,,,,,,,,,,,,,,,,,,,,,,,,,,,,,,,,,,,,,,,,,,,,,,,,,,,,,,,,,,,,,,,,,,,,,,,,,,,,,,,,,,,,,,,,,,,,,,,,
Pabol Sleheyron,Pabol_Sleheyron,0,2,15,Formos_system,Prishella_system,Little_Kessel_system,Aeneid_system,Zerm_system,Randa_system,Ulmatra_system,Sleheyron_system,Nimban_system,Nar_Kreeta_system,Ilos_Minor_system,Ilos_system,Chalacta_system,Yitabo_system,Randon_system,,,,,,,,,,,,,,,,,,,,,,,,,,,,,,,,,,,,,,,,,,,,,,,,,,,,,,,,,,,,,,,,,,,,,,,,,,,,,,,,,,,,
Pacor-Gultanna Hyperlane,Pacor-Gultanna_Hyperlane,0,,6,Traval-Pacor_system,Baltizaar_system,Thory_Prime_system,Dohu_system,Manoe_system,Gultanna_system,,,,,,,,,,,,,,,,,,,,,,,,,,,,,,,,,,,,,,,,,,,,,,,,,,,,,,,,,,,,,,,,,,,,,,,,,,,,,,,,,,,,,,,,,,,,,
Pakuuni Drift,Pakuuni_Drift,0,5,4,Pakuuni_system,Gbu_system,Mullan_system,Brigia_system,,,,,,,,,,,,,,,,,,,,,,,,,,,,,,,,,,,,,,,,,,,,,,,,,,,,,,,,,,,,,,,,,,,,,,,,,,,,,,,,,,,,,,,,,,,,,,,
Pando Spur,Pando_Spur,0,,4,Hollastin_system,Xolu_system,Far_Pando_system,Near_Pando_system,,,,,,,,,,,,,,,,,,,,,,,,,,,,,,,,,,,,,,,,,,,,,,,,,,,,,,,,,,,,,,,,,,,,,,,,,,,,,,,,,,,,,,,,,,,,,,,
Path of the Houses,Path_of_the_Houses,0,,12,Rhigar_system,Csaus_system,Copero_system,Sarvchi_system,Cioral_system,Csilla_system,Sposia_system,Naporar_system,Ornfra_system,Sharb_system,Noris_system,Schesa_system,,,,,,,,,,,,,,,,,,,,,,,,,,,,,,,,,,,,,,,,,,,,,,,,,,,,,,,,,,,,,,,,,,,,,,,,,,,,,,,,,,,,,,,
Perlemian Trade Route,Perlemian_Trade_Route,0,1,50,Coruscant_system,Alsakan_system,Grizmallt_system,Axum_system,Corulus_system,Chandrila_system,Brentaal_system,Essesia_system,Rhinnal_system,Ralltiir_system,Delle_system,Yabol_Opa_system,Ifmix_system,Shulstine_system,Castell_system,Raithal_system,Vurdon_Ka_system,Joiol_system,Chazwa_system,Relatta_system,Tirahnn_system,Dalcretti_system,Taanab_system,Sermeria_system,Carcel_system,Pirin_system,Gizer_system,Lantillies_system,Rearqu_system,Jeyell_system,Roche_system,Orleon_system,Talcene_system,Salvara_system,Euceron_system,Abhean_system,Centares_system,Antemeridian_system,Budpock_system,Columex_system,Arcan_system,Lianna_system,Barseg_system,Desev_system,Livien_system,Kanaver_system,Janodral_Mizar_system,Estaria_system,Makem_system,Quermia_system,,,,,,,,,,,,,,,,,,,,,,,,,,,,,,,,,,,,,,,,,,,,,,,,,
Phalanx Route,Phalanx_Route,0,,5,Cormit_system,Catlia_system,Massoss_system,Crustai_system,Tenupe_system,,,,,,,,,,,,,,,,,,,,,,,,,,,,,,,,,,,,,,,,,,,,,,,,,,,,,,,,,,,,,,,,,,,,,,,,,,,,,,,,,,,,,,,,,,,,,,
Pinooran Spur,Pinooran_Spur,0,5,8,Kushibah_system,Mogoshyn_system,Betshish_system,Kli'aar_system,Marrovia_system,Ladarra_system,Krylon_system,Pinoora_system,,,,,,,,,,,,,,,,,,,,,,,,,,,,,,,,,,,,,,,,,,,,,,,,,,,,,,,,,,,,,,,,,,,,,,,,,,,,,,,,,,,,,,,,,,,
Procopian Shipping Lane,Procopian_Shipping_Lane,0,,12,Tallaan_system,Tavya_system,Neona_system,Reyna_system,Procopia_system,Lastelle_system,Estaph_system,Obulette_system,Javis_system,Tumus_system,Bianas_system,Reena_system,,,,,,,,,,,,,,,,,,,,,,,,,,,,,,,,,,,,,,,,,,,,,,,,,,,,,,,,,,,,,,,,,,,,,,,,,,,,,,,,,,,,,,,
Prously's Rim Run,Prously's_Rim_Run,0,5,8,Calamari_system,Pammant_system,Mantan_system,New_Heurkea_system,Sanctuary_system,Kamdon_system,Dornea_system,Baros_system,,,,,,,,,,,,,,,,,,,,,,,,,,,,,,,,,,,,,,,,,,,,,,,,,,,,,,,,,,,,,,,,,,,,,,,,,,,,,,,,,,,,,,,,,,,
Quellor Run,Quellor_Run,0,2,9,Commenor_system,Damoria_system,Chorax_system,Rachuk_system,Cato_Neimoidia_system,Hensara_system,Morobe_system,Lankashiir_system,Quellor_system,,,,,,,,,,,,,,,,,,,,,,,,,,,,,,,,,,,,,,,,,,,,,,,,,,,,,,,,,,,,,,,,,,,,,,,,,,,,,,,,,,,,,,,,,,
Quiberon Line,Quiberon_Line,0,,2,Rothana_system,Kamino_system,,,,,,,,,,,,,,,,,,,,,,,,,,,,,,,,,,,,,,,,,,,,,,,,,,,,,,,,,,,,,,,,,,,,,,,,,,,,,,,,,,,,,,,,,,,,,,,,,
Rago Run,Rago_Run,0,2,6,Rago_system,Moro_system,Sinton_system,Gilatter_system,Ansion_system,Keitum_system,,,,,,,,,,,,,,,,,,,,,,,,,,,,,,,,,,,,,,,,,,,,,,,,,,,,,,,,,,,,,,,,,,,,,,,,,,,,,,,,,,,,,,,,,,,,,
Rampa Rapids,Rampa_Rapids,0,,2,R'alla_system,Rampa_system,,,,,,,,,,,,,,,,,,,,,,,,,,,,,,,,,,,,,,,,,,,,,,,,,,,,,,,,,,,,,,,,,,,,,,,,,,,,,,,,,,,,,,,,,,,,,,,,,
Randon Run,Randon_Run,0,2,8,Lantillies_system,Phaseera_system,Uyter_system,Kashyyyk_system,Rakhuuun_system,Chamble_system,Messert_system,Randon_system,,,,,,,,,,,,,,,,,,,,,,,,,,,,,,,,,,,,,,,,,,,,,,,,,,,,,,,,,,,,,,,,,,,,,,,,,,,,,,,,,,,,,,,,,,,
Reena Trade Route,Reena_Trade_Route,0,2,5,Druckenwell_system,Haseria_system,Monastery_system,Spirador_system,Both_system,,,,,,,,,,,,,,,,,,,,,,,,,,,,,,,,,,,,,,,,,,,,,,,,,,,,,,,,,,,,,,,,,,,,,,,,,,,,,,,,,,,,,,,,,,,,,,
Relgim Run,Relgim_Run,0,,16,Fedje_system,Fest_system,Devon_system,Generis_system,Markbee's_Star_system,Nam'ta_system,Horuz_system,Mantooine_system,Vykos_system,Albarrio_system,Marmoth_system,Cezith_system,Endoraan_system,Gelda_system,Delephr_system,Ord_Thoden_system,,,,,,,,,,,,,,,,,,,,,,,,,,,,,,,,,,,,,,,,,,,,,,,,,,,,,,,,,,,,,,,,,,,,,,,,,,,,,,,,,,,
Riileb-Unagin Hyperlane,Riileb-Unagin_Hyperlane,0,,2,Riileb_system,Unagin_system,,,,,,,,,,,,,,,,,,,,,,,,,,,,,,,,,,,,,,,,,,,,,,,,,,,,,,,,,,,,,,,,,,,,,,,,,,,,,,,,,,,,,,,,,,,,,,,,,
Rimma Trade Route,Rimma_Trade_Route,0,1,30,Abregado_system,Dentaal_system,Giju_system,Ghorman_system,Vanik_system,Polith_system,Tauber_system,Yag'Dhul_system,Sukkult_system,Wroona_system,Tregillis_system,Vandelhelm_system,Woostri_system,Daemen_system,K'vath_system,Lanthe_system,Vondarc_system,Medth_system,Tshindral_system,Sullust_system,Eriadu_system,Colu_system,Triton_system,Praesitlyn_system,Sluis_system,Denab_system,Tarabba_system,Tantra_system,Adarlon_system,Karideph_system,,,,,,,,,,,,,,,,,,,,,,,,,,,,,,,,,,,,,,,,,,,,,,,,,,,,,,,,,,,,,,,,,,,,,
Rothana Route,Rothana_Route,0,,2,Molavar_system,Rothana_system,,,,,,,,,,,,,,,,,,,,,,,,,,,,,,,,,,,,,,,,,,,,,,,,,,,,,,,,,,,,,,,,,,,,,,,,,,,,,,,,,,,,,,,,,,,,,,,,,
Rudrig-Gbu Way,Rudrig-Gbu_Way,0,,2,Rudrig_system,Gbu_system,,,,,,,,,,,,,,,,,,,,,,,,,,,,,,,,,,,,,,,,,,,,,,,,,,,,,,,,,,,,,,,,,,,,,,,,,,,,,,,,,,,,,,,,,,,,,,,,,
Rynmar Trail,Rynmar_Trail,0,,5,Rynmar_system,Febrini_system,Sargon_system,Modus_system,Vergill_system,,,,,,,,,,,,,,,,,,,,,,,,,,,,,,,,,,,,,,,,,,,,,,,,,,,,,,,,,,,,,,,,,,,,,,,,,,,,,,,,,,,,,,,,,,,,,,
Salin Corridor,Salin_Corridor,0,2,18,Salin_system,Vinsoth_system,Drackmar_system,Botajef_system,Phindar_system,Gala_system,Vjun_system,Lucazec_system,Auratera_system,Columex_system,Belderone_system,Trogan_system,Sy_Myrth_system,Kile_system,Komnor_system,Dernatine_system,Novor_system,Nwarcol_system,,,,,,,,,,,,,,,,,,,,,,,,,,,,,,,,,,,,,,,,,,,,,,,,,,,,,,,,,,,,,,,,,,,,,,,,,,,,,,,,,
Sanfrafsix Corridor,Sanfrafsix_Corridor,0,2,10,Sanrafsix_system,Fostin_system,Syned_system,Omwat_system,Kabal_system,Dravian_Starport_system,Sevarcos_system,Kirdo_system,Ma'ar_Shaddam_system,Cotellier_system,,,,,,,,,,,,,,,,,,,,,,,,,,,,,,,,,,,,,,,,,,,,,,,,,,,,,,,,,,,,,,,,,,,,,,,,,,,,,,,,,,,,,,,,,
Saqqar-Cignet Hyperlane,Saqqar-Cignet_Hyperlane,0,,3,Saqqar_system,Nar_Haaska_system,Cignet_system,,,,,,,,,,,,,,,,,,,,,,,,,,,,,,,,,,,,,,,,,,,,,,,,,,,,,,,,,,,,,,,,,,,,,,,,,,,,,,,,,,,,,,,,,,,,,,,,
Sebiris Run,Sebiris_Run,0,,5,Pembric_system,Sebiris_system,Dolstan_system,Bresan_system,Timbra_Ott_system,,,,,,,,,,,,,,,,,,,,,,,,,,,,,,,,,,,,,,,,,,,,,,,,,,,,,,,,,,,,,,,,,,,,,,,,,,,,,,,,,,,,,,,,,,,,,,
Senex Trace,Senex_Trace,0,2,7,Karfeddion_system,Fengrine_system,Neelanon_system,Senex_system,Rindao_system,Parada_system,Yankirk_system,,,,,,,,,,,,,,,,,,,,,,,,,,,,,,,,,,,,,,,,,,,,,,,,,,,,,,,,,,,,,,,,,,,,,,,,,,,,,,,,,,,,,,,,,,,,
Senex-Juvex Loop,Senex-Juvex_Loop,1,3,28,Juvex_system,Kimm_Aurek_system,Kimm_Besh_system,Kimm_Cresh_system,Tinallis_system,Loovria_system,Velga_system,Pieldi_system,Pirralor_system,Resti_Kel_system,Malador_system,Zaria_system,Anstares_system,Deminol_system,Ossiathora_system,Kassido_system,Manforgon_system,Mussubir_system,Cyimarra_system,Veron_system,Presteen_system,Caltinia_system,Nepoy_system,Hutlar_system,Karfeddion_system,Anturus_system,Denebia_system,Kalgo_system,,,,,,,,,,,,,,,,,,,,,,,,,,,,,,,,,,,,,,,,,,,,,,,,,,,,,,,,,,,,,,,,,,,,,,,
Shag Pabol,Shag_Pabol,0,2,8,Y'Toub_system,Rorak_system,Diyu_system,Cha_Raaba_system,Ziugen_system,Outland_Transit_system,Lirra_system,Teth_system,,,,,,,,,,,,,,,,,,,,,,,,,,,,,,,,,,,,,,,,,,,,,,,,,,,,,,,,,,,,,,,,,,,,,,,,,,,,,,,,,,,,,,,,,,,
Shaltin Tunnels,Shaltin_Tunnels,0,2,11,Ulicia_system,Atchorb_system,D'ian_system,Etti_system,Lucaya_system,Kalla_system,Oslumpex_system,Zygerria_system,Tervissis_system,Syngia_system,Lianna_system,,,,,,,,,,,,,,,,,,,,,,,,,,,,,,,,,,,,,,,,,,,,,,,,,,,,,,,,,,,,,,,,,,,,,,,,,,,,,,,,,,,,,,,,
Shapani Bypass,Shapani_Bypass,0,2,11,Polith_system,Mennaalii_system,Alisandor_system,Lamuir_system,Tamber_system,Tallaan_system,Aleron_system,Achillea_system,Vindalia_system,Diamal_system,Abregado_system,,,,,,,,,,,,,,,,,,,,,,,,,,,,,,,,,,,,,,,,,,,,,,,,,,,,,,,,,,,,,,,,,,,,,,,,,,,,,,,,,,,,,,,,
Sharlissian Trade Corridor,Sharlissian_Trade_Corridor,0,2,4,Triton_system,Xagobah_system,Kabal_system,Sharlissia_system,,,,,,,,,,,,,,,,,,,,,,,,,,,,,,,,,,,,,,,,,,,,,,,,,,,,,,,,,,,,,,,,,,,,,,,,,,,,,,,,,,,,,,,,,,,,,,,
Shawken Spur,Shawken_Spur,0,3,6,Coruscant_system,Thokos_system,Velus_system,Shawken_system,Challon_system,Wakeelmui_system,,,,,,,,,,,,,,,,,,,,,,,,,,,,,,,,,,,,,,,,,,,,,,,,,,,,,,,,,,,,,,,,,,,,,,,,,,,,,,,,,,,,,,,,,,,,,
Shipwrights' Trace,Shipwrights'_Trace,0,2,10,Fondor_system,Bassadro_system,Surric_system,Foless_system,Las_Lagon_system,Affa_system,Atzerri_system,Chardaan_system,Tynnani_system,Allanteen_system,,,,,,,,,,,,,,,,,,,,,,,,,,,,,,,,,,,,,,,,,,,,,,,,,,,,,,,,,,,,,,,,,,,,,,,,,,,,,,,,,,,,,,,,,
Shiritoku Way,Shiritoku_Way,0,2,3,Endor_system,Timora_system,Bakura_system,,,,,,,,,,,,,,,,,,,,,,,,,,,,,,,,,,,,,,,,,,,,,,,,,,,,,,,,,,,,,,,,,,,,,,,,,,,,,,,,,,,,,,,,,,,,,,,,
Shuwy Exchange,Shuwy_Exchange,0,2,6,Uviuy_Exen_system,Dankayo_system,Ord_Antalaha_system,Noquivzor_system,Palanhi_system,Vakkar_system,,,,,,,,,,,,,,,,,,,,,,,,,,,,,,,,,,,,,,,,,,,,,,,,,,,,,,,,,,,,,,,,,,,,,,,,,,,,,,,,,,,,,,,,,,,,,
Sisar Run,Sisar_Run,0,3,8,Nwarcol_system,Sriluur_system,Terman_system,Sespe_system,Dirha_system,Cyborrea_system,Sionia_system,Nimban_system,,,,,,,,,,,,,,,,,,,,,,,,,,,,,,,,,,,,,,,,,,,,,,,,,,,,,,,,,,,,,,,,,,,,,,,,,,,,,,,,,,,,,,,,,,,
Solenbaran Merchant Route,Solenbaran_Merchant_Route,0,,7,Kir_system,R'alla_system,Bonadan_system,Etti_system,Tirsa_system,Jerrist_system,Saclas_system,,,,,,,,,,,,,,,,,,,,,,,,,,,,,,,,,,,,,,,,,,,,,,,,,,,,,,,,,,,,,,,,,,,,,,,,,,,,,,,,,,,,,,,,,,,,
Spar Trade Route,Spar_Trade_Route,0,2,4,Cerea_system,Abbaji_system,Annaj_system,Kuna's_Tooth_system,,,,,,,,,,,,,,,,,,,,,,,,,,,,,,,,,,,,,,,,,,,,,,,,,,,,,,,,,,,,,,,,,,,,,,,,,,,,,,,,,,,,,,,,,,,,,,,
Talcene Transit,Talcene_Transit,0,,3,Talcene_system,Saleucami_system,Kuthic_system,,,,,,,,,,,,,,,,,,,,,,,,,,,,,,,,,,,,,,,,,,,,,,,,,,,,,,,,,,,,,,,,,,,,,,,,,,,,,,,,,,,,,,,,,,,,,,,,
Terr'skiar Pass,Terr'skiar_Pass,0,,3,Terr'skiar_system,Bissillirus_system,Deysum_system,,,,,,,,,,,,,,,,,,,,,,,,,,,,,,,,,,,,,,,,,,,,,,,,,,,,,,,,,,,,,,,,,,,,,,,,,,,,,,,,,,,,,,,,,,,,,,,,
Tertiary Etti Route,Tertiary_Etti_Route,0,,5,Gaurick_system,Ocsin_system,Farana_system,Hull's_Star_system,Mytus_system,,,,,,,,,,,,,,,,,,,,,,,,,,,,,,,,,,,,,,,,,,,,,,,,,,,,,,,,,,,,,,,,,,,,,,,,,,,,,,,,,,,,,,,,,,,,,,
Tertiary Solenbaran,Tertiary_Solenbaran,0,,6,Saclas_system,Duroon_system,Biewa_system,Kalla_system,Issagra_system,Deltooine_system,,,,,,,,,,,,,,,,,,,,,,,,,,,,,,,,,,,,,,,,,,,,,,,,,,,,,,,,,,,,,,,,,,,,,,,,,,,,,,,,,,,,,,,,,,,,,
The Dead Road,The_Dead_Road,0,,10,Nimia_system,Kafane_system,Ulmatra_system,Zisia_system,Elgit_system,Usk_system,Saqqar_system,Tisht_system,M'Hanna_system,Ardos_system,,,,,,,,,,,,,,,,,,,,,,,,,,,,,,,,,,,,,,,,,,,,,,,,,,,,,,,,,,,,,,,,,,,,,,,,,,,,,,,,,,,,,,,,,
The Loop,The_Loop,0,,3,Mijos_system,Shuldene_system,Lutrillia_system,,,,,,,,,,,,,,,,,,,,,,,,,,,,,,,,,,,,,,,,,,,,,,,,,,,,,,,,,,,,,,,,,,,,,,,,,,,,,,,,,,,,,,,,,,,,,,,,
Thesme Trace,Thesme_Trace,0,,2,Thesme_system,Feriae_system,,,,,,,,,,,,,,,,,,,,,,,,,,,,,,,,,,,,,,,,,,,,,,,,,,,,,,,,,,,,,,,,,,,,,,,,,,,,,,,,,,,,,,,,,,,,,,,,,
Thonner-Endor Route,Thonner-Endor_Route,0,,5,Thonner_system,Qina_system,Trindello_system,Din_system,Endor_system,,,,,,,,,,,,,,,,,,,,,,,,,,,,,,,,,,,,,,,,,,,,,,,,,,,,,,,,,,,,,,,,,,,,,,,,,,,,,,,,,,,,,,,,,,,,,,
Three Ellas Run,Three_Ellas_Run,0,,4,Tavya_system,Sorella_system,Dorella_system,Pernella_system,,,,,,,,,,,,,,,,,,,,,,,,,,,,,,,,,,,,,,,,,,,,,,,,,,,,,,,,,,,,,,,,,,,,,,,,,,,,,,,,,,,,,,,,,,,,,,,
Tidal Circuit,Tidal_Circuit,0,5,6,Calamari_system,Pinperu_system,Damendine_system,Krinemonen_system,Hinakuu_system,Sanctuary_system,,,,,,,,,,,,,,,,,,,,,,,,,,,,,,,,,,,,,,,,,,,,,,,,,,,,,,,,,,,,,,,,,,,,,,,,,,,,,,,,,,,,,,,,,,,,,
Tinallis-Tyluun Hyperlane,Tinallis-Tyluun_Hyperlane,0,,3,Tinallis_system,Vulcar_system,Tyluun_system,,,,,,,,,,,,,,,,,,,,,,,,,,,,,,,,,,,,,,,,,,,,,,,,,,,,,,,,,,,,,,,,,,,,,,,,,,,,,,,,,,,,,,,,,,,,,,,,
Tingel Route,Tingel_Route,0,,6,Bonadan_system,Erysthes_system,Issagra_system,Ban-Satir_system,Gaurick_system,Joodrudda_system,,,,,,,,,,,,,,,,,,,,,,,,,,,,,,,,,,,,,,,,,,,,,,,,,,,,,,,,,,,,,,,,,,,,,,,,,,,,,,,,,,,,,,,,,,,,,
Tion Trade Route,Tion_Trade_Route,0,,11,Estaria_system,Joxin_system,Raxus_system,Tion_system,Newland_system,Rudrig_system,Clariv_system,Erediss_system,Stalimur_system,Brigia_system,Caluula_system,,,,,,,,,,,,,,,,,,,,,,,,,,,,,,,,,,,,,,,,,,,,,,,,,,,,,,,,,,,,,,,,,,,,,,,,,,,,,,,,,,,,,,,,
Tosste Spur,Tosste_Spur,0,,2,Tosste_system,Mustafar_system,,,,,,,,,,,,,,,,,,,,,,,,,,,,,,,,,,,,,,,,,,,,,,,,,,,,,,,,,,,,,,,,,,,,,,,,,,,,,,,,,,,,,,,,,,,,,,,,,
Trans Gulf Route,Trans_Gulf_Route,0,5,3,Pii_system,Vuzsa_system,Piroket_system,,,,,,,,,,,,,,,,,,,,,,,,,,,,,,,,,,,,,,,,,,,,,,,,,,,,,,,,,,,,,,,,,,,,,,,,,,,,,,,,,,,,,,,,,,,,,,,,
Trax Tube,Trax_Tube,0,2,7,Randon_system,Deysum_system,Lexrul_system,Uogo'cor_system,Nanth'ri_system,Nixor_system,Daalang_system,,,,,,,,,,,,,,,,,,,,,,,,,,,,,,,,,,,,,,,,,,,,,,,,,,,,,,,,,,,,,,,,,,,,,,,,,,,,,,,,,,,,,,,,,,,,
Trellen Trade Route,Trellen_Trade_Route,0,2,5,Trellen_system,Humbarine_system,Commenor_system,Rasterous_system,Zel_system,,,,,,,,,,,,,,,,,,,,,,,,,,,,,,,,,,,,,,,,,,,,,,,,,,,,,,,,,,,,,,,,,,,,,,,,,,,,,,,,,,,,,,,,,,,,,,
Trianii Shunt,Trianii_Shunt,0,,5,Etti_system,Lythos_system,Hiit_system,Fibuli_system,Brochiib_system,,,,,,,,,,,,,,,,,,,,,,,,,,,,,,,,,,,,,,,,,,,,,,,,,,,,,,,,,,,,,,,,,,,,,,,,,,,,,,,,,,,,,,,,,,,,,,
Triellus Trade Route,Triellus_Trade_Route,0,2,47,Centares_system,Sy_Myrth_system,Handooine_system,Jabiim_system,Taskeed_system,Dennogra_system,Junkfort_Station_system,Nimat_system,Tammar_system,Kegan_system,Gestrex_system,Norval_system,Ku'Bakai_system,Drualkiin_system,Formos_system,Bheriz_system,Aduba_system,Glottal_system,Teth_system,Rampa_Minor_system,Dilbana_system,Clantaano_system,Barab_system,Dubrava_system,Syvris_system,Arami_system,Opoku_system,Lyran_system,Molavar_system,Koiogra_system,Piroket_system,A-Foroon_system,B-Foroon_system,C-Foroon_system,Ooo-temiuk_system,Tatoo_system,Andooweel_system,Kemal_Station_system,New_Ator_system,Trulalis_system,Arkanis_system,Tythe_system,Llanic_system,Zhar_system,Farstine_system,Ryndellia_system,Enarc_system,,,,,,,,,,,,,,,,,,,,,,,,,,,,,,,,,,,,,,,,,,,,,,,,,,,,
Trition Trade Route,Trition_Trade_Route,0,,7,Karideph_system,Pergitor_system,Kal'Shebbol_system,Torize_system,Kolatill_system,Charis_system,Ott_system,,,,,,,,,,,,,,,,,,,,,,,,,,,,,,,,,,,,,,,,,,,,,,,,,,,,,,,,,,,,,,,,,,,,,,,,,,,,,,,,,,,,,,,,,,,,
Usk-Moralan Hyperlane,Usk-Moralan_Hyperlane,0,,2,Usk_system,Moralan_system,,,,,,,,,,,,,,,,,,,,,,,,,,,,,,,,,,,,,,,,,,,,,,,,,,,,,,,,,,,,,,,,,,,,,,,,,,,,,,,,,,,,,,,,,,,,,,,,,
Vaagari Corridor,Vaagari_Corridor,0,,5,Kinoss_system,Avidich_system,Csilla_system,Cormit_system,Celwis_system,,,,,,,,,,,,,,,,,,,,,,,,,,,,,,,,,,,,,,,,,,,,,,,,,,,,,,,,,,,,,,,,,,,,,,,,,,,,,,,,,,,,,,,,,,,,,,
Vaschean Way,Vaschean_Way,0,5,6,Arkanis_system,Huldamun_system,Vasch_system,Mika_system,Heffrin_system,Khubeaie_system,,,,,,,,,,,,,,,,,,,,,,,,,,,,,,,,,,,,,,,,,,,,,,,,,,,,,,,,,,,,,,,,,,,,,,,,,,,,,,,,,,,,,,,,,,,,,
Vathkree Trade Corridor,Vathkree_Trade_Corridor,0,2,11,Corsin_system,Comkin_system,Telerath_system,Kroctar_system,Levian_system,Obroa-skai_system,Paonid_system,Gravan_system,Von-Alai_system,Contruum_system,Gizer_system,,,,,,,,,,,,,,,,,,,,,,,,,,,,,,,,,,,,,,,,,,,,,,,,,,,,,,,,,,,,,,,,,,,,,,,,,,,,,,,,,,,,,,,,
Velga Route,Velga_Route,0,,3,Velga_system,Q'mara_system,Dolla_system,,,,,,,,,,,,,,,,,,,,,,,,,,,,,,,,,,,,,,,,,,,,,,,,,,,,,,,,,,,,,,,,,,,,,,,,,,,,,,,,,,,,,,,,,,,,,,,,
Veragi Trade Route,Veragi_Trade_Route,0,2,15,Salin_system,Ciutric_system,Corvis_Minor_system,Argazdiis_system,MZX33291_system,Birgis_system,Seline_system,Julevian_system,Veragi_system,Trassitan_system,Dubrillion_system,Ahakista_system,Dantooine_system,Sinsang_system,Anx_Minor_system,,,,,,,,,,,,,,,,,,,,,,,,,,,,,,,,,,,,,,,,,,,,,,,,,,,,,,,,,,,,,,,,,,,,,,,,,,,,,,,,,,,,
Veron Route,Veron_Route,0,,2,Veron_system,New_Cylimba_system,,,,,,,,,,,,,,,,,,,,,,,,,,,,,,,,,,,,,,,,,,,,,,,,,,,,,,,,,,,,,,,,,,,,,,,,,,,,,,,,,,,,,,,,,,,,,,,,,
Vicondor-Ariarch Hyperlane,Vicondor-Ariarch_Hyperlane,0,,4,Vicondor_system,Darkon_system,Londor_system,Ariarch_system,,,,,,,,,,,,,,,,,,,,,,,,,,,,,,,,,,,,,,,,,,,,,,,,,,,,,,,,,,,,,,,,,,,,,,,,,,,,,,,,,,,,,,,,,,,,,,,
Way of Schesa,Way_of_Schesa,0,,3,Schesa_system,Pesfavri_system,The_Redoubt,,,,,,,,,,,,,,,,,,,,,,,,,,,,,,,,,,,,,,,,,,,,,,,,,,,,,,,,,,,,,,,,,,,,,,,,,,,,,,,,,,,,,,,,,,,,,,,,
Wetyin's Way,Wetyin's_Way,0,5,4,Jovan_system,Vaal_system,Glade_system,Wetyin's_Colony_system,,,,,,,,,,,,,,,,,,,,,,,,,,,,,,,,,,,,,,,,,,,,,,,,,,,,,,,,,,,,,,,,,,,,,,,,,,,,,,,,,,,,,,,,,,,,,,,
Widek Bypass,Widek_Bypass,0,,5,Orooturoo_system,Wehttam_system,Thobek_system,Utos_system,Widek_system,,,,,,,,,,,,,,,,,,,,,,,,,,,,,,,,,,,,,,,,,,,,,,,,,,,,,,,,,,,,,,,,,,,,,,,,,,,,,,,,,,,,,,,,,,,,,,
Yankirk Route,Yankirk_Route,0,2,3,Eriadu_system,Bortras_system,Yankirk_system,,,,,,,,,,,,,,,,,,,,,,,,,,,,,,,,,,,,,,,,,,,,,,,,,,,,,,,,,,,,,,,,,,,,,,,,,,,,,,,,,,,,,,,,,,,,,,,,
Yavin Bypass,Yavin_Bypass,0,5,3,Krylon_system,Yavin_system,Vaal_system,,,,,,,,,,,,,,,,,,,,,,,,,,,,,,,,,,,,,,,,,,,,,,,,,,,,,,,,,,,,,,,,,,,,,,,,,,,,,,,,,,,,,,,,,,,,,,,,
Ziost-Athiss Route,Ziost-Athiss_Route,0,5,2,Ziost_system,Loro_Babis_system,,,,,,,,,,,,,,,,,,,,,,,,,,,,,,,,,,,,,,,,,,,,,,,,,,,,,,,,,,,,,,,,,,,,,,,,,,,,,,,,,,,,,,,,,,,,,,,,,
Zorfe Trete,Zorfe_Trete,0,5,2,Ch'hodos_system,Ashas_Ree_system,,,,,,,,,,,,,,,,,,,,,,,,,,,,,,,,,,,,,,,,,,,,,,,,,,,,,,,,,,,,,,,,,,,,,,,,,,,,,,,,,,,,,,,,,,,,,,,,,
